file,source_function,sink_function,label
flask\docs\conf.py,,,
flask\examples\celery\make_celery.py,,,
flask\examples\celery\src\task_app\tasks.py,,,
flask\examples\celery\src\task_app\views.py,,,
flask\examples\celery\src\task_app\__init__.py,,,
flask\examples\javascript\js_example\views.py,,,
flask\examples\javascript\js_example\__init__.py,,,
flask\examples\javascript\tests\conftest.py,,,
flask\examples\javascript\tests\test_js_example.py,,,
flask\examples\tutorial\flaskr\auth.py,,,
flask\examples\tutorial\flaskr\blog.py,,,
flask\examples\tutorial\flaskr\db.py,,,
flask\examples\tutorial\flaskr\__init__.py,,,
flask\examples\tutorial\tests\conftest.py,,,
flask\examples\tutorial\tests\test_auth.py,,,
flask\examples\tutorial\tests\test_blog.py,,,
flask\examples\tutorial\tests\test_db.py,,,
flask\examples\tutorial\tests\test_factory.py,,,
flask\src\flask\app.py,,,
flask\src\flask\blueprints.py,,,
flask\src\flask\cli.py,,,
flask\src\flask\config.py,,,
flask\src\flask\ctx.py,,,
flask\src\flask\debughelpers.py,,,
flask\src\flask\globals.py,,,
flask\src\flask\helpers.py,,,
flask\src\flask\logging.py,,,
flask\src\flask\sessions.py,,,
flask\src\flask\signals.py,,,
flask\src\flask\templating.py,,,
flask\src\flask\testing.py,,,
flask\src\flask\typing.py,,,
flask\src\flask\views.py,,,
flask\src\flask\wrappers.py,,,
flask\src\flask\__init__.py,,,
flask\src\flask\__main__.py,,,
flask\src\flask\json\provider.py,,,
flask\src\flask\json\tag.py,,,
flask\src\flask\json\__init__.py,,,
flask\src\flask\sansio\app.py,,,
flask\src\flask\sansio\blueprints.py,,,
flask\src\flask\sansio\scaffold.py,,,
flask\tests\conftest.py,,,
flask\tests\test_appctx.py,,,
flask\tests\test_async.py,,,
flask\tests\test_basic.py,,,
flask\tests\test_blueprints.py,,,
flask\tests\test_cli.py,,,
flask\tests\test_config.py,,,
flask\tests\test_converters.py,,,
flask\tests\test_helpers.py,,,
flask\tests\test_instance_config.py,,,
flask\tests\test_json.py,,,
flask\tests\test_json_tag.py,,,
flask\tests\test_logging.py,,,
flask\tests\test_regression.py,,,
flask\tests\test_reqctx.py,,,
flask\tests\test_request.py,,,
flask\tests\test_session_interface.py,,,
flask\tests\test_signals.py,,,
flask\tests\test_subclassing.py,,,
flask\tests\test_templating.py,,,
flask\tests\test_testing.py,,,
flask\tests\test_user_error_handler.py,,,
flask\tests\test_views.py,,,
flask\tests\test_apps\blueprintapp\__init__.py,,,
flask\tests\test_apps\blueprintapp\apps\__init__.py,,,
flask\tests\test_apps\blueprintapp\apps\admin\__init__.py,,,
flask\tests\test_apps\blueprintapp\apps\frontend\__init__.py,,,
flask\tests\test_apps\cliapp\app.py,,,
flask\tests\test_apps\cliapp\factory.py,,,
flask\tests\test_apps\cliapp\importerrorapp.py,,,
flask\tests\test_apps\cliapp\multiapp.py,,,
flask\tests\test_apps\cliapp\__init__.py,,,
flask\tests\test_apps\cliapp\inner1\__init__.py,,,
flask\tests\test_apps\cliapp\inner1\inner2\flask.py,,,
flask\tests\test_apps\cliapp\inner1\inner2\__init__.py,,,
flask\tests\test_apps\helloworld\hello.py,,,
flask\tests\test_apps\helloworld\wsgi.py,,,
flask\tests\test_apps\subdomaintestmodule\__init__.py,,,
flask\tests\type_check\typing_app_decorators.py,,,
flask\tests\type_check\typing_error_handler.py,,,
flask\tests\type_check\typing_route.py,,,
httpie\setup.py,,,
httpie\docs\contributors\fetch.py,,,
httpie\docs\contributors\generate.py,,,
httpie\docs\installation\generate.py,,,
httpie\extras\packaging\linux\build.py,,,
httpie\extras\packaging\linux\scripts\httpie_cli.py,,,
httpie\extras\packaging\linux\scripts\http_cli.py,,,
httpie\extras\packaging\linux\scripts\hooks\hook-pip.py,,,
httpie\extras\profiling\benchmarks.py,,,
httpie\extras\profiling\run.py,,,
httpie\extras\scripts\generate_man_pages.py,,,
httpie\httpie\adapters.py,,,
httpie\httpie\client.py,,,
httpie\httpie\compat.py,,,
httpie\httpie\config.py,,,
httpie\httpie\context.py,,,
httpie\httpie\cookies.py,,,
httpie\httpie\core.py,,,
httpie\httpie\downloads.py,,,
httpie\httpie\encoding.py,,,
httpie\httpie\models.py,,,
httpie\httpie\sessions.py,,,
httpie\httpie\ssl_.py,,,
httpie\httpie\status.py,,,
httpie\httpie\uploads.py,,,
httpie\httpie\utils.py,,,
httpie\httpie\__init__.py,,,
httpie\httpie\__main__.py,,,
httpie\httpie\cli\argparser.py,,,
httpie\httpie\cli\argtypes.py,,,
httpie\httpie\cli\constants.py,,,
httpie\httpie\cli\definition.py,,,
httpie\httpie\cli\dicts.py,,,
httpie\httpie\cli\exceptions.py,,,
httpie\httpie\cli\options.py,,,
httpie\httpie\cli\requestitems.py,,,
httpie\httpie\cli\utils.py,,,
httpie\httpie\cli\__init__.py,,,
httpie\httpie\cli\nested_json\errors.py,,,
httpie\httpie\cli\nested_json\interpret.py,,,
httpie\httpie\cli\nested_json\parse.py,,,
httpie\httpie\cli\nested_json\tokens.py,,,
httpie\httpie\cli\nested_json\__init__.py,,,
httpie\httpie\internal\daemons.py,,,
httpie\httpie\internal\daemon_runner.py,,,
httpie\httpie\internal\update_warnings.py,,,
httpie\httpie\internal\__build_channel__.py,,,
httpie\httpie\internal\__init__.py,,,
httpie\httpie\legacy\v3_1_0_session_cookie_format.py,,,
httpie\httpie\legacy\v3_2_0_session_header_format.py,,,
httpie\httpie\legacy\__init__.py,,,
httpie\httpie\manager\cli.py,,,
httpie\httpie\manager\compat.py,,,
httpie\httpie\manager\core.py,,,
httpie\httpie\manager\__init__.py,,,
httpie\httpie\manager\__main__.py,,,
httpie\httpie\manager\tasks\check_updates.py,,,
httpie\httpie\manager\tasks\export_args.py,,,
httpie\httpie\manager\tasks\plugins.py,,,
httpie\httpie\manager\tasks\sessions.py,,,
httpie\httpie\manager\tasks\__init__.py,,,
httpie\httpie\output\models.py,,,
httpie\httpie\output\processing.py,,,
httpie\httpie\output\streams.py,,,
httpie\httpie\output\utils.py,,,
httpie\httpie\output\writer.py,,,
httpie\httpie\output\__init__.py,,,
httpie\httpie\output\formatters\colors.py,,,
httpie\httpie\output\formatters\headers.py,,,
httpie\httpie\output\formatters\json.py,,,
httpie\httpie\output\formatters\xml.py,,,
httpie\httpie\output\formatters\__init__.py,,,
httpie\httpie\output\lexers\common.py,,,
httpie\httpie\output\lexers\http.py,,,
httpie\httpie\output\lexers\json.py,,,
httpie\httpie\output\lexers\metadata.py,,,
httpie\httpie\output\lexers\__init__.py,,,
httpie\httpie\output\ui\man_pages.py,,,
httpie\httpie\output\ui\palette.py,,,
httpie\httpie\output\ui\rich_help.py,,,
httpie\httpie\output\ui\rich_palette.py,,,
httpie\httpie\output\ui\rich_progress.py,,,
httpie\httpie\output\ui\rich_utils.py,,,
httpie\httpie\output\ui\__init__.py,,,
httpie\httpie\plugins\base.py,,,
httpie\httpie\plugins\builtin.py,,,
httpie\httpie\plugins\manager.py,,,
httpie\httpie\plugins\registry.py,,,
httpie\httpie\plugins\__init__.py,,,
httpie\tests\conftest.py,,,
httpie\tests\test_auth.py,,,
httpie\tests\test_auth_plugins.py,,,
httpie\tests\test_binary.py,,,
httpie\tests\test_cli.py,,,
httpie\tests\test_cli_ui.py,,,
httpie\tests\test_cli_utils.py,,,
httpie\tests\test_compress.py,,,
httpie\tests\test_config.py,,,
httpie\tests\test_cookie.py,,,
httpie\tests\test_cookie_on_redirects.py,,,
httpie\tests\test_defaults.py,,,
httpie\tests\test_downloads.py,,,
httpie\tests\test_encoding.py,,,
httpie\tests\test_errors.py,,,
httpie\tests\test_exit_status.py,,,
httpie\tests\test_httpie.py,,,
httpie\tests\test_httpie_cli.py,,,
httpie\tests\test_json.py,,,
httpie\tests\test_meta.py,,,
httpie\tests\test_offline.py,,,
httpie\tests\test_output.py,,,
httpie\tests\test_parser_schema.py,,,
httpie\tests\test_plugins_cli.py,,,
httpie\tests\test_redirects.py,,,
httpie\tests\test_regressions.py,,,
httpie\tests\test_sessions.py,,,
httpie\tests\test_ssl.py,,,
httpie\tests\test_stream.py,,,
httpie\tests\test_tokens.py,,,
httpie\tests\test_transport_plugin.py,,,
httpie\tests\test_update_warnings.py,,,
httpie\tests\test_uploads.py,,,
httpie\tests\test_windows.py,,,
httpie\tests\test_xml.py,,,
httpie\tests\__init__.py,,,
httpie\tests\fixtures\__init__.py,,,
httpie\tests\utils\http_server.py,,,
httpie\tests\utils\plugins_cli.py,,,
httpie\tests\utils\__init__.py,,,
httpie\tests\utils\matching\parsing.py,,,
httpie\tests\utils\matching\test_matching.py,,,
httpie\tests\utils\matching\tokens.py,,,
httpie\tests\utils\matching\__init__.py,,,
paramiko\tasks.py,,,
paramiko\demos\demo.py,,,
paramiko\demos\demo_keygen.py,,,
paramiko\demos\demo_server.py,,,
paramiko\demos\demo_sftp.py,,,
paramiko\demos\demo_simple.py,,,
paramiko\demos\forward.py,,,
paramiko\demos\interactive.py,,,
paramiko\demos\rforward.py,,,
paramiko\paramiko\agent.py,,,
paramiko\paramiko\auth_handler.py,,,
paramiko\paramiko\auth_strategy.py,,,
paramiko\paramiko\ber.py,,,
paramiko\paramiko\buffered_pipe.py,,,
paramiko\paramiko\channel.py,,,
paramiko\paramiko\client.py,,,
paramiko\paramiko\common.py,,,
paramiko\paramiko\compress.py,,,
paramiko\paramiko\config.py,,,
paramiko\paramiko\ecdsakey.py,,,
paramiko\paramiko\ed25519key.py,,,
paramiko\paramiko\file.py,,,
paramiko\paramiko\hostkeys.py,,,
paramiko\paramiko\kex_curve25519.py,,,
paramiko\paramiko\kex_ecdh_nist.py,,,
paramiko\paramiko\kex_gex.py,,,
paramiko\paramiko\kex_group1.py,,,
paramiko\paramiko\kex_group14.py,,,
paramiko\paramiko\kex_group16.py,,,
paramiko\paramiko\kex_gss.py,,,
paramiko\paramiko\message.py,,,
paramiko\paramiko\packet.py,,,
paramiko\paramiko\pipe.py,,,
paramiko\paramiko\pkey.py,,,
paramiko\paramiko\primes.py,,,
paramiko\paramiko\proxy.py,,,
paramiko\paramiko\rsakey.py,,,
paramiko\paramiko\server.py,,,
paramiko\paramiko\sftp.py,,,
paramiko\paramiko\sftp_attr.py,,,
paramiko\paramiko\sftp_client.py,,,
paramiko\paramiko\sftp_file.py,,,
paramiko\paramiko\sftp_handle.py,,,
paramiko\paramiko\sftp_server.py,,,
paramiko\paramiko\sftp_si.py,,,
paramiko\paramiko\ssh_exception.py,,,
paramiko\paramiko\ssh_gss.py,,,
paramiko\paramiko\transport.py,,,
paramiko\paramiko\util.py,,,
paramiko\paramiko\win_openssh.py,,,
paramiko\paramiko\win_pageant.py,,,
paramiko\paramiko\_winapi.py,,,
paramiko\paramiko\__init__.py,,,
paramiko\sites\shared_conf.py,,,
paramiko\sites\docs\conf.py,,,
paramiko\sites\www\conf.py,,,
paramiko\tests\agent.py,,,
paramiko\tests\auth.py,,,
paramiko\tests\conftest.py,,,
paramiko\tests\pkey.py,,,
paramiko\tests\test_buffered_pipe.py,,,
paramiko\tests\test_channelfile.py,,,
paramiko\tests\test_client.py,,,
paramiko\tests\test_config.py,,,
paramiko\tests\test_file.py,,,
paramiko\tests\test_gssapi.py,,,
paramiko\tests\test_hostkeys.py,,,
paramiko\tests\test_kex.py,,,
paramiko\tests\test_kex_gss.py,,,
paramiko\tests\test_message.py,,,
paramiko\tests\test_packetizer.py,,,
paramiko\tests\test_pkey.py,,,
paramiko\tests\test_proxy.py,,,
paramiko\tests\test_sftp.py,,,
paramiko\tests\test_sftp_big.py,,,
paramiko\tests\test_ssh_exception.py,,,
paramiko\tests\test_ssh_gss.py,,,
paramiko\tests\test_transport.py,,,
paramiko\tests\test_util.py,,,
paramiko\tests\_loop.py,,,
paramiko\tests\_stub_sftp.py,,,
paramiko\tests\_util.py,,,
paramiko\tests\__init__.py,,,
requests\setup.py,,,
requests\docs\conf.py,,,
requests\docs\_themes\flask_theme_support.py,,,
requests\src\requests\adapters.py,,,
requests\src\requests\api.py,,,
requests\src\requests\auth.py,,,
requests\src\requests\certs.py,,,
requests\src\requests\compat.py,,,
requests\src\requests\cookies.py,,,
requests\src\requests\exceptions.py,,,
requests\src\requests\help.py,,,
requests\src\requests\hooks.py,,,
requests\src\requests\models.py,,,
requests\src\requests\packages.py,,,
requests\src\requests\sessions.py,,,
requests\src\requests\status_codes.py,,,
requests\src\requests\structures.py,,,
requests\src\requests\utils.py,,,
requests\src\requests\_internal_utils.py,,,
requests\src\requests\__init__.py,,,
requests\src\requests\__version__.py,,,
requests\tests\compat.py,,,
requests\tests\conftest.py,,,
requests\tests\test_adapters.py,,,
requests\tests\test_help.py,,,
requests\tests\test_hooks.py,,,
requests\tests\test_lowlevel.py,,,
requests\tests\test_packages.py,,,
requests\tests\test_requests.py,,,
requests\tests\test_structures.py,,,
requests\tests\test_testserver.py,,,
requests\tests\test_utils.py,,,
requests\tests\utils.py,,,
requests\tests\__init__.py,,,
requests\tests\testserver\server.py,,,
requests\tests\testserver\__init__.py,,,
sqlalchemy\reap_dbs.py,,,
sqlalchemy\setup.py,,,
sqlalchemy\doc\build\conf.py,,,
sqlalchemy\examples\__init__.py,,,
sqlalchemy\examples\adjacency_list\adjacency_list.py,,,
sqlalchemy\examples\adjacency_list\__init__.py,,,
sqlalchemy\examples\association\basic_association.py,,,
sqlalchemy\examples\association\dict_of_sets_with_default.py,,,
sqlalchemy\examples\association\proxied_association.py,,,
sqlalchemy\examples\association\__init__.py,,,
sqlalchemy\examples\asyncio\async_orm.py,,,
sqlalchemy\examples\asyncio\async_orm_writeonly.py,,,
sqlalchemy\examples\asyncio\basic.py,,,
sqlalchemy\examples\asyncio\gather_orm_statements.py,,,
sqlalchemy\examples\asyncio\greenlet_orm.py,,,
sqlalchemy\examples\asyncio\__init__.py,,,
sqlalchemy\examples\custom_attributes\active_column_defaults.py,,,
sqlalchemy\examples\custom_attributes\custom_management.py,,,
sqlalchemy\examples\custom_attributes\listen_for_events.py,,,
sqlalchemy\examples\custom_attributes\__init__.py,,,
sqlalchemy\examples\dogpile_caching\advanced.py,,,
sqlalchemy\examples\dogpile_caching\caching_query.py,,,
sqlalchemy\examples\dogpile_caching\environment.py,,,
sqlalchemy\examples\dogpile_caching\fixture_data.py,,,
sqlalchemy\examples\dogpile_caching\helloworld.py,,,
sqlalchemy\examples\dogpile_caching\local_session_caching.py,,,
sqlalchemy\examples\dogpile_caching\model.py,,,
sqlalchemy\examples\dogpile_caching\relationship_caching.py,,,
sqlalchemy\examples\dogpile_caching\__init__.py,,,
sqlalchemy\examples\dynamic_dict\dynamic_dict.py,,,
sqlalchemy\examples\dynamic_dict\__init__.py,,,
sqlalchemy\examples\extending_query\filter_public.py,,,
sqlalchemy\examples\extending_query\temporal_range.py,,,
sqlalchemy\examples\extending_query\__init__.py,,,
sqlalchemy\examples\generic_associations\discriminator_on_association.py,,,
sqlalchemy\examples\generic_associations\generic_fk.py,,,
sqlalchemy\examples\generic_associations\table_per_association.py,,,
sqlalchemy\examples\generic_associations\table_per_related.py,,,
sqlalchemy\examples\generic_associations\__init__.py,,,
sqlalchemy\examples\graphs\directed_graph.py,,,
sqlalchemy\examples\graphs\__init__.py,,,
sqlalchemy\examples\inheritance\concrete.py,,,
sqlalchemy\examples\inheritance\joined.py,,,
sqlalchemy\examples\inheritance\single.py,,,
sqlalchemy\examples\inheritance\__init__.py,,,
sqlalchemy\examples\materialized_paths\materialized_paths.py,,,
sqlalchemy\examples\materialized_paths\__init__.py,,,
sqlalchemy\examples\nested_sets\nested_sets.py,,,
sqlalchemy\examples\nested_sets\__init__.py,,,
sqlalchemy\examples\performance\bulk_inserts.py,,,
sqlalchemy\examples\performance\bulk_updates.py,,,
sqlalchemy\examples\performance\large_resultsets.py,,,
sqlalchemy\examples\performance\short_selects.py,,,
sqlalchemy\examples\performance\single_inserts.py,,,
sqlalchemy\examples\performance\__init__.py,,,
sqlalchemy\examples\performance\__main__.py,,,
sqlalchemy\examples\sharding\asyncio.py,,,
sqlalchemy\examples\sharding\separate_databases.py,,,
sqlalchemy\examples\sharding\separate_schema_translates.py,,,
sqlalchemy\examples\sharding\separate_tables.py,,,
sqlalchemy\examples\sharding\__init__.py,,,
sqlalchemy\examples\space_invaders\space_invaders.py,,,
sqlalchemy\examples\space_invaders\__init__.py,,,
sqlalchemy\examples\syntax_extensions\qualify.py,,,
sqlalchemy\examples\syntax_extensions\test_qualify.py,,,
sqlalchemy\examples\syntax_extensions\__init__.py,,,
sqlalchemy\examples\versioned_history\history_meta.py,,,
sqlalchemy\examples\versioned_history\test_versioning.py,,,
sqlalchemy\examples\versioned_history\__init__.py,,,
sqlalchemy\examples\versioned_rows\versioned_map.py,,,
sqlalchemy\examples\versioned_rows\versioned_rows.py,,,
sqlalchemy\examples\versioned_rows\versioned_rows_w_versionid.py,,,
sqlalchemy\examples\versioned_rows\versioned_update_old_row.py,,,
sqlalchemy\examples\versioned_rows\__init__.py,,,
sqlalchemy\examples\vertical\dictlike-polymorphic.py,,,
sqlalchemy\examples\vertical\dictlike.py,,,
sqlalchemy\examples\vertical\__init__.py,,,
sqlalchemy\lib\sqlalchemy\events.py,,,
sqlalchemy\lib\sqlalchemy\exc.py,,,
sqlalchemy\lib\sqlalchemy\inspection.py,,,
sqlalchemy\lib\sqlalchemy\log.py,,,
sqlalchemy\lib\sqlalchemy\schema.py,,,
sqlalchemy\lib\sqlalchemy\types.py,,,
sqlalchemy\lib\sqlalchemy\__init__.py,,,
sqlalchemy\lib\sqlalchemy\connectors\aioodbc.py,,,
sqlalchemy\lib\sqlalchemy\connectors\asyncio.py,,,
sqlalchemy\lib\sqlalchemy\connectors\pyodbc.py,,,
sqlalchemy\lib\sqlalchemy\connectors\__init__.py,,,
sqlalchemy\lib\sqlalchemy\dialects\_typing.py,,,
sqlalchemy\lib\sqlalchemy\dialects\__init__.py,,,
sqlalchemy\lib\sqlalchemy\dialects\mssql\aioodbc.py,,,
sqlalchemy\lib\sqlalchemy\dialects\mssql\base.py,,,
sqlalchemy\lib\sqlalchemy\dialects\mssql\information_schema.py,,,
sqlalchemy\lib\sqlalchemy\dialects\mssql\json.py,,,
sqlalchemy\lib\sqlalchemy\dialects\mssql\provision.py,,,
sqlalchemy\lib\sqlalchemy\dialects\mssql\pymssql.py,,,
sqlalchemy\lib\sqlalchemy\dialects\mssql\pyodbc.py,,,
sqlalchemy\lib\sqlalchemy\dialects\mssql\__init__.py,,,
sqlalchemy\lib\sqlalchemy\dialects\mysql\aiomysql.py,,,
sqlalchemy\lib\sqlalchemy\dialects\mysql\asyncmy.py,,,
sqlalchemy\lib\sqlalchemy\dialects\mysql\base.py,,,
sqlalchemy\lib\sqlalchemy\dialects\mysql\cymysql.py,,,
sqlalchemy\lib\sqlalchemy\dialects\mysql\dml.py,,,
sqlalchemy\lib\sqlalchemy\dialects\mysql\enumerated.py,,,
sqlalchemy\lib\sqlalchemy\dialects\mysql\expression.py,,,
sqlalchemy\lib\sqlalchemy\dialects\mysql\json.py,,,
sqlalchemy\lib\sqlalchemy\dialects\mysql\mariadb.py,,,
sqlalchemy\lib\sqlalchemy\dialects\mysql\mariadbconnector.py,,,
sqlalchemy\lib\sqlalchemy\dialects\mysql\mysqlconnector.py,,,
sqlalchemy\lib\sqlalchemy\dialects\mysql\mysqldb.py,,,
sqlalchemy\lib\sqlalchemy\dialects\mysql\provision.py,,,
sqlalchemy\lib\sqlalchemy\dialects\mysql\pymysql.py,,,
sqlalchemy\lib\sqlalchemy\dialects\mysql\pyodbc.py,,,
sqlalchemy\lib\sqlalchemy\dialects\mysql\reflection.py,,,
sqlalchemy\lib\sqlalchemy\dialects\mysql\reserved_words.py,,,
sqlalchemy\lib\sqlalchemy\dialects\mysql\types.py,,,
sqlalchemy\lib\sqlalchemy\dialects\mysql\__init__.py,,,
sqlalchemy\lib\sqlalchemy\dialects\oracle\base.py,,,
sqlalchemy\lib\sqlalchemy\dialects\oracle\cx_oracle.py,,,
sqlalchemy\lib\sqlalchemy\dialects\oracle\dictionary.py,,,
sqlalchemy\lib\sqlalchemy\dialects\oracle\oracledb.py,,,
sqlalchemy\lib\sqlalchemy\dialects\oracle\provision.py,,,
sqlalchemy\lib\sqlalchemy\dialects\oracle\types.py,,,
sqlalchemy\lib\sqlalchemy\dialects\oracle\vector.py,,,
sqlalchemy\lib\sqlalchemy\dialects\oracle\__init__.py,,,
sqlalchemy\lib\sqlalchemy\dialects\postgresql\array.py,,,
sqlalchemy\lib\sqlalchemy\dialects\postgresql\asyncpg.py,,,
sqlalchemy\lib\sqlalchemy\dialects\postgresql\base.py,,,
sqlalchemy\lib\sqlalchemy\dialects\postgresql\bitstring.py,,,
sqlalchemy\lib\sqlalchemy\dialects\postgresql\dml.py,,,
sqlalchemy\lib\sqlalchemy\dialects\postgresql\ext.py,,,
sqlalchemy\lib\sqlalchemy\dialects\postgresql\hstore.py,,,
sqlalchemy\lib\sqlalchemy\dialects\postgresql\json.py,,,
sqlalchemy\lib\sqlalchemy\dialects\postgresql\named_types.py,,,
sqlalchemy\lib\sqlalchemy\dialects\postgresql\operators.py,,,
sqlalchemy\lib\sqlalchemy\dialects\postgresql\pg8000.py,,,
sqlalchemy\lib\sqlalchemy\dialects\postgresql\pg_catalog.py,,,
sqlalchemy\lib\sqlalchemy\dialects\postgresql\provision.py,,,
sqlalchemy\lib\sqlalchemy\dialects\postgresql\psycopg.py,,,
sqlalchemy\lib\sqlalchemy\dialects\postgresql\psycopg2.py,,,
sqlalchemy\lib\sqlalchemy\dialects\postgresql\psycopg2cffi.py,,,
sqlalchemy\lib\sqlalchemy\dialects\postgresql\ranges.py,,,
sqlalchemy\lib\sqlalchemy\dialects\postgresql\types.py,,,
sqlalchemy\lib\sqlalchemy\dialects\postgresql\_psycopg_common.py,,,
sqlalchemy\lib\sqlalchemy\dialects\postgresql\__init__.py,,,
sqlalchemy\lib\sqlalchemy\dialects\sqlite\aiosqlite.py,,,
sqlalchemy\lib\sqlalchemy\dialects\sqlite\base.py,,,
sqlalchemy\lib\sqlalchemy\dialects\sqlite\dml.py,,,
sqlalchemy\lib\sqlalchemy\dialects\sqlite\json.py,,,
sqlalchemy\lib\sqlalchemy\dialects\sqlite\provision.py,,,
sqlalchemy\lib\sqlalchemy\dialects\sqlite\pysqlcipher.py,,,
sqlalchemy\lib\sqlalchemy\dialects\sqlite\pysqlite.py,,,
sqlalchemy\lib\sqlalchemy\dialects\sqlite\__init__.py,,,
sqlalchemy\lib\sqlalchemy\engine\base.py,,,
sqlalchemy\lib\sqlalchemy\engine\characteristics.py,,,
sqlalchemy\lib\sqlalchemy\engine\create.py,,,
sqlalchemy\lib\sqlalchemy\engine\cursor.py,,,
sqlalchemy\lib\sqlalchemy\engine\default.py,,,
sqlalchemy\lib\sqlalchemy\engine\events.py,,,
sqlalchemy\lib\sqlalchemy\engine\interfaces.py,,,
sqlalchemy\lib\sqlalchemy\engine\mock.py,,,
sqlalchemy\lib\sqlalchemy\engine\processors.py,,,
sqlalchemy\lib\sqlalchemy\engine\reflection.py,,,
sqlalchemy\lib\sqlalchemy\engine\result.py,,,
sqlalchemy\lib\sqlalchemy\engine\row.py,,,
sqlalchemy\lib\sqlalchemy\engine\strategies.py,,,
sqlalchemy\lib\sqlalchemy\engine\url.py,,,
sqlalchemy\lib\sqlalchemy\engine\util.py,,,
sqlalchemy\lib\sqlalchemy\engine\_processors_cy.py,,,
sqlalchemy\lib\sqlalchemy\engine\_row_cy.py,,,
sqlalchemy\lib\sqlalchemy\engine\_util_cy.py,,,
sqlalchemy\lib\sqlalchemy\engine\__init__.py,,,
sqlalchemy\lib\sqlalchemy\event\api.py,,,
sqlalchemy\lib\sqlalchemy\event\attr.py,,,
sqlalchemy\lib\sqlalchemy\event\base.py,,,
sqlalchemy\lib\sqlalchemy\event\legacy.py,,,
sqlalchemy\lib\sqlalchemy\event\registry.py,,,
sqlalchemy\lib\sqlalchemy\event\__init__.py,,,
sqlalchemy\lib\sqlalchemy\ext\associationproxy.py,,,
sqlalchemy\lib\sqlalchemy\ext\automap.py,,,
sqlalchemy\lib\sqlalchemy\ext\baked.py,,,
sqlalchemy\lib\sqlalchemy\ext\compiler.py,,,
sqlalchemy\lib\sqlalchemy\ext\horizontal_shard.py,,,
sqlalchemy\lib\sqlalchemy\ext\hybrid.py,,,
sqlalchemy\lib\sqlalchemy\ext\indexable.py,,,
sqlalchemy\lib\sqlalchemy\ext\instrumentation.py,,,
sqlalchemy\lib\sqlalchemy\ext\mutable.py,,,
sqlalchemy\lib\sqlalchemy\ext\orderinglist.py,,,
sqlalchemy\lib\sqlalchemy\ext\serializer.py,,,
sqlalchemy\lib\sqlalchemy\ext\__init__.py,,,
sqlalchemy\lib\sqlalchemy\ext\asyncio\base.py,,,
sqlalchemy\lib\sqlalchemy\ext\asyncio\engine.py,,,
sqlalchemy\lib\sqlalchemy\ext\asyncio\exc.py,,,
sqlalchemy\lib\sqlalchemy\ext\asyncio\result.py,,,
sqlalchemy\lib\sqlalchemy\ext\asyncio\scoping.py,,,
sqlalchemy\lib\sqlalchemy\ext\asyncio\session.py,,,
sqlalchemy\lib\sqlalchemy\ext\asyncio\__init__.py,,,
sqlalchemy\lib\sqlalchemy\ext\declarative\extensions.py,,,
sqlalchemy\lib\sqlalchemy\ext\declarative\__init__.py,,,
sqlalchemy\lib\sqlalchemy\future\engine.py,,,
sqlalchemy\lib\sqlalchemy\future\__init__.py,,,
sqlalchemy\lib\sqlalchemy\orm\attributes.py,,,
sqlalchemy\lib\sqlalchemy\orm\base.py,,,
sqlalchemy\lib\sqlalchemy\orm\bulk_persistence.py,,,
sqlalchemy\lib\sqlalchemy\orm\clsregistry.py,,,
sqlalchemy\lib\sqlalchemy\orm\collections.py,,,
sqlalchemy\lib\sqlalchemy\orm\context.py,,,
sqlalchemy\lib\sqlalchemy\orm\decl_api.py,,,
sqlalchemy\lib\sqlalchemy\orm\decl_base.py,,,
sqlalchemy\lib\sqlalchemy\orm\dependency.py,,,
sqlalchemy\lib\sqlalchemy\orm\descriptor_props.py,,,
sqlalchemy\lib\sqlalchemy\orm\dynamic.py,,,
sqlalchemy\lib\sqlalchemy\orm\evaluator.py,,,
sqlalchemy\lib\sqlalchemy\orm\events.py,,,
sqlalchemy\lib\sqlalchemy\orm\exc.py,,,
sqlalchemy\lib\sqlalchemy\orm\identity.py,,,
sqlalchemy\lib\sqlalchemy\orm\instrumentation.py,,,
sqlalchemy\lib\sqlalchemy\orm\interfaces.py,,,
sqlalchemy\lib\sqlalchemy\orm\loading.py,,,
sqlalchemy\lib\sqlalchemy\orm\mapped_collection.py,,,
sqlalchemy\lib\sqlalchemy\orm\mapper.py,,,
sqlalchemy\lib\sqlalchemy\orm\path_registry.py,,,
sqlalchemy\lib\sqlalchemy\orm\persistence.py,,,
sqlalchemy\lib\sqlalchemy\orm\properties.py,,,
sqlalchemy\lib\sqlalchemy\orm\query.py,,,
sqlalchemy\lib\sqlalchemy\orm\relationships.py,,,
sqlalchemy\lib\sqlalchemy\orm\scoping.py,,,
sqlalchemy\lib\sqlalchemy\orm\session.py,,,
sqlalchemy\lib\sqlalchemy\orm\state.py,,,
sqlalchemy\lib\sqlalchemy\orm\state_changes.py,,,
sqlalchemy\lib\sqlalchemy\orm\strategies.py,,,
sqlalchemy\lib\sqlalchemy\orm\strategy_options.py,,,
sqlalchemy\lib\sqlalchemy\orm\sync.py,,,
sqlalchemy\lib\sqlalchemy\orm\unitofwork.py,,,
sqlalchemy\lib\sqlalchemy\orm\util.py,,,
sqlalchemy\lib\sqlalchemy\orm\writeonly.py,,,
sqlalchemy\lib\sqlalchemy\orm\_orm_constructors.py,,,
sqlalchemy\lib\sqlalchemy\orm\_typing.py,,,
sqlalchemy\lib\sqlalchemy\orm\__init__.py,,,
sqlalchemy\lib\sqlalchemy\pool\base.py,,,
sqlalchemy\lib\sqlalchemy\pool\events.py,,,
sqlalchemy\lib\sqlalchemy\pool\impl.py,,,
sqlalchemy\lib\sqlalchemy\pool\__init__.py,,,
sqlalchemy\lib\sqlalchemy\sql\annotation.py,,,
sqlalchemy\lib\sqlalchemy\sql\base.py,,,
sqlalchemy\lib\sqlalchemy\sql\cache_key.py,,,
sqlalchemy\lib\sqlalchemy\sql\coercions.py,,,
sqlalchemy\lib\sqlalchemy\sql\compiler.py,,,
sqlalchemy\lib\sqlalchemy\sql\crud.py,,,
sqlalchemy\lib\sqlalchemy\sql\ddl.py,,,
sqlalchemy\lib\sqlalchemy\sql\default_comparator.py,,,
sqlalchemy\lib\sqlalchemy\sql\dml.py,,,
sqlalchemy\lib\sqlalchemy\sql\elements.py,,,
sqlalchemy\lib\sqlalchemy\sql\events.py,,,
sqlalchemy\lib\sqlalchemy\sql\expression.py,,,
sqlalchemy\lib\sqlalchemy\sql\functions.py,,,
sqlalchemy\lib\sqlalchemy\sql\lambdas.py,,,
sqlalchemy\lib\sqlalchemy\sql\naming.py,,,
sqlalchemy\lib\sqlalchemy\sql\operators.py,,,
sqlalchemy\lib\sqlalchemy\sql\roles.py,,,
sqlalchemy\lib\sqlalchemy\sql\schema.py,,,
sqlalchemy\lib\sqlalchemy\sql\selectable.py,,,
sqlalchemy\lib\sqlalchemy\sql\sqltypes.py,,,
sqlalchemy\lib\sqlalchemy\sql\traversals.py,,,
sqlalchemy\lib\sqlalchemy\sql\type_api.py,,,
sqlalchemy\lib\sqlalchemy\sql\util.py,,,
sqlalchemy\lib\sqlalchemy\sql\visitors.py,,,
sqlalchemy\lib\sqlalchemy\sql\_dml_constructors.py,,,
sqlalchemy\lib\sqlalchemy\sql\_elements_constructors.py,,,
sqlalchemy\lib\sqlalchemy\sql\_orm_types.py,,,
sqlalchemy\lib\sqlalchemy\sql\_selectable_constructors.py,,,
sqlalchemy\lib\sqlalchemy\sql\_typing.py,,,
sqlalchemy\lib\sqlalchemy\sql\_util_cy.py,,,
sqlalchemy\lib\sqlalchemy\sql\__init__.py,,,
sqlalchemy\lib\sqlalchemy\testing\assertions.py,,,
sqlalchemy\lib\sqlalchemy\testing\assertsql.py,,,
sqlalchemy\lib\sqlalchemy\testing\asyncio.py,,,
sqlalchemy\lib\sqlalchemy\testing\config.py,,,
sqlalchemy\lib\sqlalchemy\testing\engines.py,,,
sqlalchemy\lib\sqlalchemy\testing\entities.py,,,
sqlalchemy\lib\sqlalchemy\testing\exclusions.py,,,
sqlalchemy\lib\sqlalchemy\testing\pickleable.py,,,
sqlalchemy\lib\sqlalchemy\testing\profiling.py,,,
sqlalchemy\lib\sqlalchemy\testing\provision.py,,,
sqlalchemy\lib\sqlalchemy\testing\requirements.py,,,
sqlalchemy\lib\sqlalchemy\testing\schema.py,,,
sqlalchemy\lib\sqlalchemy\testing\util.py,,,
sqlalchemy\lib\sqlalchemy\testing\warnings.py,,,
sqlalchemy\lib\sqlalchemy\testing\__init__.py,,,
sqlalchemy\lib\sqlalchemy\testing\fixtures\base.py,,,
sqlalchemy\lib\sqlalchemy\testing\fixtures\mypy.py,,,
sqlalchemy\lib\sqlalchemy\testing\fixtures\orm.py,,,
sqlalchemy\lib\sqlalchemy\testing\fixtures\sql.py,,,
sqlalchemy\lib\sqlalchemy\testing\fixtures\__init__.py,,,
sqlalchemy\lib\sqlalchemy\testing\plugin\bootstrap.py,,,
sqlalchemy\lib\sqlalchemy\testing\plugin\plugin_base.py,,,
sqlalchemy\lib\sqlalchemy\testing\plugin\pytestplugin.py,,,
sqlalchemy\lib\sqlalchemy\testing\plugin\__init__.py,,,
sqlalchemy\lib\sqlalchemy\testing\suite\test_cte.py,,,
sqlalchemy\lib\sqlalchemy\testing\suite\test_ddl.py,,,
sqlalchemy\lib\sqlalchemy\testing\suite\test_dialect.py,,,
sqlalchemy\lib\sqlalchemy\testing\suite\test_insert.py,,,
sqlalchemy\lib\sqlalchemy\testing\suite\test_reflection.py,,,
sqlalchemy\lib\sqlalchemy\testing\suite\test_results.py,,,
sqlalchemy\lib\sqlalchemy\testing\suite\test_rowcount.py,,,
sqlalchemy\lib\sqlalchemy\testing\suite\test_select.py,,,
sqlalchemy\lib\sqlalchemy\testing\suite\test_sequence.py,,,
sqlalchemy\lib\sqlalchemy\testing\suite\test_types.py,,,
sqlalchemy\lib\sqlalchemy\testing\suite\test_unicode_ddl.py,,,
sqlalchemy\lib\sqlalchemy\testing\suite\test_update_delete.py,,,
sqlalchemy\lib\sqlalchemy\testing\suite\__init__.py,,,
sqlalchemy\lib\sqlalchemy\util\compat.py,,,
sqlalchemy\lib\sqlalchemy\util\concurrency.py,,,
sqlalchemy\lib\sqlalchemy\util\cython.py,,,
sqlalchemy\lib\sqlalchemy\util\deprecations.py,,,
sqlalchemy\lib\sqlalchemy\util\langhelpers.py,,,
sqlalchemy\lib\sqlalchemy\util\preloaded.py,,,
sqlalchemy\lib\sqlalchemy\util\queue.py,,,
sqlalchemy\lib\sqlalchemy\util\tool_support.py,,,
sqlalchemy\lib\sqlalchemy\util\topological.py,,,
sqlalchemy\lib\sqlalchemy\util\typing.py,,,
sqlalchemy\lib\sqlalchemy\util\_collections.py,,,
sqlalchemy\lib\sqlalchemy\util\_collections_cy.py,,,
sqlalchemy\lib\sqlalchemy\util\_has_cython.py,,,
sqlalchemy\lib\sqlalchemy\util\_immutabledict_cy.py,,,
sqlalchemy\lib\sqlalchemy\util\__init__.py,,,
sqlalchemy\test\conftest.py,,,
sqlalchemy\test\requirements.py,,,
sqlalchemy\test\__init__.py,,,
sqlalchemy\test\aaa_profiling\test_compiler.py,,,
sqlalchemy\test\aaa_profiling\test_memusage.py,,,
sqlalchemy\test\aaa_profiling\test_misc.py,,,
sqlalchemy\test\aaa_profiling\test_orm.py,,,
sqlalchemy\test\aaa_profiling\test_pool.py,,,
sqlalchemy\test\aaa_profiling\test_resultset.py,,,
sqlalchemy\test\aaa_profiling\test_threading.py,,,
sqlalchemy\test\aaa_profiling\__init__.py,,,
sqlalchemy\test\base\test_concurrency.py,,,
sqlalchemy\test\base\test_dependency.py,,,
sqlalchemy\test\base\test_events.py,,,
sqlalchemy\test\base\test_examples.py,,,
sqlalchemy\test\base\test_except.py,,,
sqlalchemy\test\base\test_inspect.py,,,
sqlalchemy\test\base\test_result.py,,,
sqlalchemy\test\base\test_tutorials.py,,,
sqlalchemy\test\base\test_typing_utils.py,,,
sqlalchemy\test\base\test_utils.py,,,
sqlalchemy\test\base\test_warnings.py,,,
sqlalchemy\test\base\_concurrency_fixtures.py,,,
sqlalchemy\test\base\__init__.py,,,
sqlalchemy\test\dialect\test_all.py,,,
sqlalchemy\test\dialect\test_pyodbc.py,,,
sqlalchemy\test\dialect\test_suite.py,,,
sqlalchemy\test\dialect\__init__.py,,,
sqlalchemy\test\dialect\mssql\test_compiler.py,,,
sqlalchemy\test\dialect\mssql\test_deprecations.py,,,
sqlalchemy\test\dialect\mssql\test_engine.py,,,
sqlalchemy\test\dialect\mssql\test_query.py,,,
sqlalchemy\test\dialect\mssql\test_reflection.py,,,
sqlalchemy\test\dialect\mssql\test_sequence.py,,,
sqlalchemy\test\dialect\mssql\test_types.py,,,
sqlalchemy\test\dialect\mssql\__init__.py,,,
sqlalchemy\test\dialect\mysql\test_compiler.py,,,
sqlalchemy\test\dialect\mysql\test_deprecations.py,,,
sqlalchemy\test\dialect\mysql\test_dialect.py,,,
sqlalchemy\test\dialect\mysql\test_for_update.py,,,
sqlalchemy\test\dialect\mysql\test_on_duplicate.py,,,
sqlalchemy\test\dialect\mysql\test_query.py,,,
sqlalchemy\test\dialect\mysql\test_reflection.py,,,
sqlalchemy\test\dialect\mysql\test_types.py,,,
sqlalchemy\test\dialect\mysql\__init__.py,,,
sqlalchemy\test\dialect\oracle\test_compiler.py,,,
sqlalchemy\test\dialect\oracle\test_dialect.py,,,
sqlalchemy\test\dialect\oracle\test_reflection.py,,,
sqlalchemy\test\dialect\oracle\test_types.py,,,
sqlalchemy\test\dialect\oracle\_oracledb_mode.py,,,
sqlalchemy\test\dialect\oracle\__init__.py,,,
sqlalchemy\test\dialect\postgresql\test_async_pg.py,,,
sqlalchemy\test\dialect\postgresql\test_bitstring.py,,,
sqlalchemy\test\dialect\postgresql\test_compiler.py,,,
sqlalchemy\test\dialect\postgresql\test_dialect.py,,,
sqlalchemy\test\dialect\postgresql\test_on_conflict.py,,,
sqlalchemy\test\dialect\postgresql\test_query.py,,,
sqlalchemy\test\dialect\postgresql\test_reflection.py,,,
sqlalchemy\test\dialect\postgresql\test_types.py,,,
sqlalchemy\test\dialect\postgresql\__init__.py,,,
sqlalchemy\test\dialect\sqlite\test_compiler.py,,,
sqlalchemy\test\dialect\sqlite\test_dialect.py,,,
sqlalchemy\test\dialect\sqlite\test_on_conflict.py,,,
sqlalchemy\test\dialect\sqlite\test_reflection.py,,,
sqlalchemy\test\dialect\sqlite\test_types.py,,,
sqlalchemy\test\dialect\sqlite\__init__.py,,,
sqlalchemy\test\engine\test_ddlevents.py,,,
sqlalchemy\test\engine\test_deprecations.py,,,
sqlalchemy\test\engine\test_execute.py,,,
sqlalchemy\test\engine\test_logging.py,,,
sqlalchemy\test\engine\test_parseconnect.py,,,
sqlalchemy\test\engine\test_pool.py,,,
sqlalchemy\test\engine\test_processors.py,,,
sqlalchemy\test\engine\test_reconnect.py,,,
sqlalchemy\test\engine\test_reflection.py,,,
sqlalchemy\test\engine\test_transaction.py,,,
sqlalchemy\test\engine\__init__.py,,,
sqlalchemy\test\ext\test_associationproxy.py,,,
sqlalchemy\test\ext\test_automap.py,,,
sqlalchemy\test\ext\test_baked.py,,,
sqlalchemy\test\ext\test_compiler.py,,,
sqlalchemy\test\ext\test_deprecations.py,,,
sqlalchemy\test\ext\test_extendedattr.py,,,
sqlalchemy\test\ext\test_horizontal_shard.py,,,
sqlalchemy\test\ext\test_hybrid.py,,,
sqlalchemy\test\ext\test_indexable.py,,,
sqlalchemy\test\ext\test_mutable.py,,,
sqlalchemy\test\ext\test_orderinglist.py,,,
sqlalchemy\test\ext\test_serializer.py,,,
sqlalchemy\test\ext\__init__.py,,,
sqlalchemy\test\ext\asyncio\test_engine.py,,,
sqlalchemy\test\ext\asyncio\test_scoping.py,,,
sqlalchemy\test\ext\asyncio\test_session.py,,,
sqlalchemy\test\ext\asyncio\__init__.py,,,
sqlalchemy\test\ext\declarative\test_deprecations.py,,,
sqlalchemy\test\ext\declarative\test_inheritance.py,,,
sqlalchemy\test\ext\declarative\test_reflection.py,,,
sqlalchemy\test\ext\declarative\__init__.py,,,
sqlalchemy\test\orm\test_ac_relationships.py,,,
sqlalchemy\test\orm\test_association.py,,,
sqlalchemy\test\orm\test_assorted_eager.py,,,
sqlalchemy\test\orm\test_attributes.py,,,
sqlalchemy\test\orm\test_backref_mutations.py,,,
sqlalchemy\test\orm\test_bind.py,,,
sqlalchemy\test\orm\test_bundle.py,,,
sqlalchemy\test\orm\test_cache_key.py,,,
sqlalchemy\test\orm\test_cascade.py,,,
sqlalchemy\test\orm\test_collection.py,,,
sqlalchemy\test\orm\test_compile.py,,,
sqlalchemy\test\orm\test_composites.py,,,
sqlalchemy\test\orm\test_core_compilation.py,,,
sqlalchemy\test\orm\test_cycles.py,,,
sqlalchemy\test\orm\test_dataclasses.py,,,
sqlalchemy\test\orm\test_defaults.py,,,
sqlalchemy\test\orm\test_default_strategies.py,,,
sqlalchemy\test\orm\test_deferred.py,,,
sqlalchemy\test\orm\test_deprecations.py,,,
sqlalchemy\test\orm\test_descriptor.py,,,
sqlalchemy\test\orm\test_dynamic.py,,,
sqlalchemy\test\orm\test_eager_relations.py,,,
sqlalchemy\test\orm\test_events.py,,,
sqlalchemy\test\orm\test_expire.py,,,
sqlalchemy\test\orm\test_froms.py,,,
sqlalchemy\test\orm\test_generative.py,,,
sqlalchemy\test\orm\test_hasparent.py,,,
sqlalchemy\test\orm\test_immediate_load.py,,,
sqlalchemy\test\orm\test_inspect.py,,,
sqlalchemy\test\orm\test_instrumentation.py,,,
sqlalchemy\test\orm\test_joins.py,,,
sqlalchemy\test\orm\test_lambdas.py,,,
sqlalchemy\test\orm\test_lazy_relations.py,,,
sqlalchemy\test\orm\test_loading.py,,,
sqlalchemy\test\orm\test_load_on_fks.py,,,
sqlalchemy\test\orm\test_lockmode.py,,,
sqlalchemy\test\orm\test_manytomany.py,,,
sqlalchemy\test\orm\test_mapper.py,,,
sqlalchemy\test\orm\test_merge.py,,,
sqlalchemy\test\orm\test_naturalpks.py,,,
sqlalchemy\test\orm\test_of_type.py,,,
sqlalchemy\test\orm\test_onetoone.py,,,
sqlalchemy\test\orm\test_options.py,,,
sqlalchemy\test\orm\test_pickled.py,,,
sqlalchemy\test\orm\test_query.py,,,
sqlalchemy\test\orm\test_recursive_loaders.py,,,
sqlalchemy\test\orm\test_relationships.py,,,
sqlalchemy\test\orm\test_relationship_criteria.py,,,
sqlalchemy\test\orm\test_rel_fn.py,,,
sqlalchemy\test\orm\test_scoping.py,,,
sqlalchemy\test\orm\test_selectable.py,,,
sqlalchemy\test\orm\test_selectin_relations.py,,,
sqlalchemy\test\orm\test_session.py,,,
sqlalchemy\test\orm\test_session_state_change.py,,,
sqlalchemy\test\orm\test_subquery_relations.py,,,
sqlalchemy\test\orm\test_sync.py,,,
sqlalchemy\test\orm\test_syntax_extensions.py,,,
sqlalchemy\test\orm\test_transaction.py,,,
sqlalchemy\test\orm\test_unitofwork.py,,,
sqlalchemy\test\orm\test_unitofworkv2.py,,,
sqlalchemy\test\orm\test_utils.py,,,
sqlalchemy\test\orm\test_validators.py,,,
sqlalchemy\test\orm\test_versioning.py,,,
sqlalchemy\test\orm\_fixtures.py,,,
sqlalchemy\test\orm\__init__.py,,,
sqlalchemy\test\orm\declarative\test_abs_import_only.py,,,
sqlalchemy\test\orm\declarative\test_basic.py,,,
sqlalchemy\test\orm\declarative\test_clsregistry.py,,,
sqlalchemy\test\orm\declarative\test_concurrency.py,,,
sqlalchemy\test\orm\declarative\test_dc_transforms.py,,,
sqlalchemy\test\orm\declarative\test_dc_transforms_future_anno_sync.py,,,
sqlalchemy\test\orm\declarative\test_inheritance.py,,,
sqlalchemy\test\orm\declarative\test_mixin.py,,,
sqlalchemy\test\orm\declarative\test_reflection.py,,,
sqlalchemy\test\orm\declarative\test_tm_future_annotations.py,,,
sqlalchemy\test\orm\declarative\test_tm_future_annotations_sync.py,,,
sqlalchemy\test\orm\declarative\test_typed_mapping.py,,,
sqlalchemy\test\orm\declarative\__init__.py,,,
sqlalchemy\test\orm\dml\test_bulk.py,,,
sqlalchemy\test\orm\dml\test_bulk_statements.py,,,
sqlalchemy\test\orm\dml\test_evaluator.py,,,
sqlalchemy\test\orm\dml\test_update_delete_where.py,,,
sqlalchemy\test\orm\dml\__init__.py,,,
sqlalchemy\test\orm\inheritance\test_abc_inheritance.py,,,
sqlalchemy\test\orm\inheritance\test_abc_polymorphic.py,,,
sqlalchemy\test\orm\inheritance\test_assorted_poly.py,,,
sqlalchemy\test\orm\inheritance\test_basic.py,,,
sqlalchemy\test\orm\inheritance\test_concrete.py,,,
sqlalchemy\test\orm\inheritance\test_deprecations.py,,,
sqlalchemy\test\orm\inheritance\test_magazine.py,,,
sqlalchemy\test\orm\inheritance\test_manytomany.py,,,
sqlalchemy\test\orm\inheritance\test_polymorphic_rel.py,,,
sqlalchemy\test\orm\inheritance\test_poly_linked_list.py,,,
sqlalchemy\test\orm\inheritance\test_poly_loading.py,,,
sqlalchemy\test\orm\inheritance\test_poly_persistence.py,,,
sqlalchemy\test\orm\inheritance\test_productspec.py,,,
sqlalchemy\test\orm\inheritance\test_relationship.py,,,
sqlalchemy\test\orm\inheritance\test_selects.py,,,
sqlalchemy\test\orm\inheritance\test_single.py,,,
sqlalchemy\test\orm\inheritance\test_with_poly.py,,,
sqlalchemy\test\orm\inheritance\_poly_fixtures.py,,,
sqlalchemy\test\orm\inheritance\__init__.py,,,
sqlalchemy\test\perf\invalidate_stresstest.py,,,
sqlalchemy\test\perf\many_table_reflection.py,,,
sqlalchemy\test\perf\orm2010.py,,,
sqlalchemy\test\perf\compiled_extensions\base.py,,,
sqlalchemy\test\perf\compiled_extensions\cache_key.py,,,
sqlalchemy\test\perf\compiled_extensions\collections_.py,,,
sqlalchemy\test\perf\compiled_extensions\command.py,,,
sqlalchemy\test\perf\compiled_extensions\misc.py,,,
sqlalchemy\test\perf\compiled_extensions\result.py,,,
sqlalchemy\test\perf\compiled_extensions\row.py,,,
sqlalchemy\test\perf\compiled_extensions\__init__.py,,,
sqlalchemy\test\perf\compiled_extensions\__main__.py,,,
sqlalchemy\test\sql\test_case_statement.py,,,
sqlalchemy\test\sql\test_compare.py,,,
sqlalchemy\test\sql\test_compiler.py,,,
sqlalchemy\test\sql\test_computed.py,,,
sqlalchemy\test\sql\test_constraints.py,,,
sqlalchemy\test\sql\test_cte.py,,,
sqlalchemy\test\sql\test_ddlemit.py,,,
sqlalchemy\test\sql\test_defaults.py,,,
sqlalchemy\test\sql\test_delete.py,,,
sqlalchemy\test\sql\test_deprecations.py,,,
sqlalchemy\test\sql\test_external_traversal.py,,,
sqlalchemy\test\sql\test_from_linter.py,,,
sqlalchemy\test\sql\test_functions.py,,,
sqlalchemy\test\sql\test_identity_column.py,,,
sqlalchemy\test\sql\test_insert.py,,,
sqlalchemy\test\sql\test_insert_exec.py,,,
sqlalchemy\test\sql\test_inspect.py,,,
sqlalchemy\test\sql\test_labels.py,,,
sqlalchemy\test\sql\test_lambdas.py,,,
sqlalchemy\test\sql\test_lateral.py,,,
sqlalchemy\test\sql\test_metadata.py,,,
sqlalchemy\test\sql\test_operators.py,,,
sqlalchemy\test\sql\test_query.py,,,
sqlalchemy\test\sql\test_quote.py,,,
sqlalchemy\test\sql\test_resultset.py,,,
sqlalchemy\test\sql\test_returning.py,,,
sqlalchemy\test\sql\test_roles.py,,,
sqlalchemy\test\sql\test_select.py,,,
sqlalchemy\test\sql\test_selectable.py,,,
sqlalchemy\test\sql\test_sequences.py,,,
sqlalchemy\test\sql\test_syntax_extensions.py,,,
sqlalchemy\test\sql\test_tablesample.py,,,
sqlalchemy\test\sql\test_text.py,,,
sqlalchemy\test\sql\test_types.py,,,
sqlalchemy\test\sql\test_type_expressions.py,,,
sqlalchemy\test\sql\test_update.py,,,
sqlalchemy\test\sql\test_utils.py,,,
sqlalchemy\test\sql\test_values.py,,,
sqlalchemy\test\sql\__init__.py,,,
sqlalchemy\test\typing\test_mypy.py,,,
sqlalchemy\test\typing\test_overloads.py,,,
sqlalchemy\test\typing\plain_files\inspection_inspect.py,,,
sqlalchemy\test\typing\plain_files\dialects\mysql\mysql_stuff.py,,,
sqlalchemy\test\typing\plain_files\dialects\postgresql\pg_stuff.py,,,
sqlalchemy\test\typing\plain_files\dialects\sqlite\sqlite_stuff.py,,,
sqlalchemy\test\typing\plain_files\engine\engines.py,,,
sqlalchemy\test\typing\plain_files\engine\engine_inspection.py,,,
sqlalchemy\test\typing\plain_files\engine\engine_result.py,,,
sqlalchemy\test\typing\plain_files\ext\indexable.py,,,
sqlalchemy\test\typing\plain_files\ext\misc_ext.py,,,
sqlalchemy\test\typing\plain_files\ext\association_proxy\association_proxy_one.py,,,
sqlalchemy\test\typing\plain_files\ext\association_proxy\association_proxy_three.py,,,
sqlalchemy\test\typing\plain_files\ext\association_proxy\association_proxy_two.py,,,
sqlalchemy\test\typing\plain_files\ext\asyncio\async_sessionmaker.py,,,
sqlalchemy\test\typing\plain_files\ext\asyncio\async_stuff.py,,,
sqlalchemy\test\typing\plain_files\ext\asyncio\create_proxy_methods.py,,,
sqlalchemy\test\typing\plain_files\ext\asyncio\engines.py,,,
sqlalchemy\test\typing\plain_files\ext\hybrid\hybrid_five.py,,,
sqlalchemy\test\typing\plain_files\ext\hybrid\hybrid_four.py,,,
sqlalchemy\test\typing\plain_files\ext\hybrid\hybrid_one.py,,,
sqlalchemy\test\typing\plain_files\ext\hybrid\hybrid_three.py,,,
sqlalchemy\test\typing\plain_files\ext\hybrid\hybrid_two.py,,,
sqlalchemy\test\typing\plain_files\ext\orderinglist\orderinglist_one.py,,,
sqlalchemy\test\typing\plain_files\orm\complete_orm_no_plugin.py,,,
sqlalchemy\test\typing\plain_files\orm\composite.py,,,
sqlalchemy\test\typing\plain_files\orm\composite_dc.py,,,
sqlalchemy\test\typing\plain_files\orm\dataclass_transforms_decorator.py,,,
sqlalchemy\test\typing\plain_files\orm\dataclass_transforms_decorator_w_mixins.py,,,
sqlalchemy\test\typing\plain_files\orm\dataclass_transforms_one.py,,,
sqlalchemy\test\typing\plain_files\orm\declared_attr_one.py,,,
sqlalchemy\test\typing\plain_files\orm\declared_attr_two.py,,,
sqlalchemy\test\typing\plain_files\orm\dynamic_rel.py,,,
sqlalchemy\test\typing\plain_files\orm\issue_9340.py,,,
sqlalchemy\test\typing\plain_files\orm\keyfunc_dict.py,,,
sqlalchemy\test\typing\plain_files\orm\mapped_assign_expression.py,,,
sqlalchemy\test\typing\plain_files\orm\mapped_column.py,,,
sqlalchemy\test\typing\plain_files\orm\mapped_covariant.py,,,
sqlalchemy\test\typing\plain_files\orm\orm_config_constructs.py,,,
sqlalchemy\test\typing\plain_files\orm\orm_querying.py,,,
sqlalchemy\test\typing\plain_files\orm\relationship.py,,,
sqlalchemy\test\typing\plain_files\orm\scoped_session.py,,,
sqlalchemy\test\typing\plain_files\orm\session.py,,,
sqlalchemy\test\typing\plain_files\orm\sessionmakers.py,,,
sqlalchemy\test\typing\plain_files\orm\traditional_relationship.py,,,
sqlalchemy\test\typing\plain_files\orm\trad_relationship_uselist.py,,,
sqlalchemy\test\typing\plain_files\orm\typed_queries.py,,,
sqlalchemy\test\typing\plain_files\orm\write_only.py,,,
sqlalchemy\test\typing\plain_files\sql\common_sql_element.py,,,
sqlalchemy\test\typing\plain_files\sql\core_ddl.py,,,
sqlalchemy\test\typing\plain_files\sql\dml.py,,,
sqlalchemy\test\typing\plain_files\sql\functions.py,,,
sqlalchemy\test\typing\plain_files\sql\functions_again.py,,,
sqlalchemy\test\typing\plain_files\sql\lambda_stmt.py,,,
sqlalchemy\test\typing\plain_files\sql\lowercase_objects.py,,,
sqlalchemy\test\typing\plain_files\sql\misc.py,,,
sqlalchemy\test\typing\plain_files\sql\operators.py,,,
sqlalchemy\test\typing\plain_files\sql\schema.py,,,
sqlalchemy\test\typing\plain_files\sql\sqltypes.py,,,
sqlalchemy\test\typing\plain_files\sql\sql_operations.py,,,
sqlalchemy\test\typing\plain_files\sql\typed_results.py,,,
sqlalchemy\tools\cython_imports.py,,,
sqlalchemy\tools\format_docs_code.py,,,
sqlalchemy\tools\generate_proxy_methods.py,,,
sqlalchemy\tools\generate_sql_functions.py,,,
sqlalchemy\tools\generate_tuple_map_overloads.py,,,
sqlalchemy\tools\normalize_file_headers.py,,,
sqlalchemy\tools\sync_test_files.py,,,
sqlalchemy\tools\trace_orm_adapter.py,,,
sqlalchemy\tools\walk_packages.py,,,
